Input,distal,proximal
raw/dynamic/catheter231/unfiltered/3P,6,7
raw/dynamic/catheter231/unfiltered/HM,6,7
raw/dynamic/catheter299/unfiltered/3P,6,7
raw/dynamic/catheter299/unfiltered/HM,6,7
raw/dynamic/catheter306/unfiltered/3P,6,7
raw/dynamic/catheter306/unfiltered/HM,6,7
raw/static/trackTest-13Dec2021-C306-Y0/10/FH512_noDither_gradSpoiled-2021-12-13T15_06_28.425,6,7
raw/static/trackTest-13Dec2021-C306-Y0/10/SRI_Original-2021-12-13T15_07_09.134,6,7
raw/static/trackTest-13Dec2021-C306-Y0/11/FH512_noDither_gradSpoiled-2021-12-13T15_49_35.915,6,7
raw/static/trackTest-13Dec2021-C306-Y0/11/SRI_Original-2021-12-13T15_50_19.530,6,7
raw/static/trackTest-13Dec2021-C306-Y0/12/FH512_noDither_gradSpoiled-2021-12-13T16_01_18.656,6,7
raw/static/trackTest-13Dec2021-C306-Y0/12/SRI_Original-2021-12-13T16_02_08.072,6,7
raw/static/trackTest-13Dec2021-C306-Y0/13/FH512_noDither_gradSpoiled-2021-12-13T16_28_25.018,6,7
raw/static/trackTest-13Dec2021-C306-Y0/13/SRI_Original-2021-12-13T16_29_30.315,6,7
raw/static/trackTest-13Dec2021-C306-Y0/14/FH512_noDither_gradSpoiled-2021-12-13T16_44_00.233,6,7
raw/static/trackTest-13Dec2021-C306-Y0/14/SRI_Original-2021-12-13T16_44_45.748,6,7
raw/static/trackTest-13Dec2021-C306-Y0/15/FH512_noDither_gradSpoiled-2021-12-13T16_57_47.774,6,7
raw/static/trackTest-13Dec2021-C306-Y0/15/SRI_Original-2021-12-13T16_58_24.003,6,7
raw/static/trackTest-13Dec2021-C306-Y0/16/FH512_noDither_gradSpoiled-2021-12-13T17_24_24.747,6,7
raw/static/trackTest-13Dec2021-C306-Y0/16/SRI_Original-2021-12-13T17_25_22.580,6,7
raw/static/trackTest-13Dec2021-C306-Y0/1/FH512_noDither_gradSpoiled-2021-12-13T13_02_33.756,6,7
raw/static/trackTest-13Dec2021-C306-Y0/1/SRI_Original-2021-12-13T13_03_32.454,6,7
raw/static/trackTest-13Dec2021-C306-Y0/2/FH512_noDither_gradSpoiled-2021-12-13T13_24_58.410,6,7
raw/static/trackTest-13Dec2021-C306-Y0/2/SRI_Original-2021-12-13T13_25_57.424,6,7
raw/static/trackTest-13Dec2021-C306-Y0/3/FH512_noDither_gradSpoiled-2021-12-13T13_41_35.725,6,7
raw/static/trackTest-13Dec2021-C306-Y0/3/SRI_Original-2021-12-13T13_42_22.957,6,7
raw/static/trackTest-13Dec2021-C306-Y0/4/FH512_noDither_gradSpoiled-2021-12-13T13_54_27.202,6,7
raw/static/trackTest-13Dec2021-C306-Y0/4/SRI_Original-2021-12-13T13_55_11.879,6,7
raw/static/trackTest-13Dec2021-C306-Y0/5/FH512_noDither_gradSpoiled-2021-12-13T14_06_52.503,6,7
raw/static/trackTest-13Dec2021-C306-Y0/5/SRI_Original-2021-12-13T14_07_40.752,6,7
raw/static/trackTest-13Dec2021-C306-Y0/6/FH512_noDither_gradSpoiled-2021-12-13T14_19_11.626,6,7
raw/static/trackTest-13Dec2021-C306-Y0/6/SRI_Original-2021-12-13T14_20_00.625,6,7
raw/static/trackTest-13Dec2021-C306-Y0/7/FH512_noDither_gradSpoiled-2021-12-13T14_30_58.537,6,7
raw/static/trackTest-13Dec2021-C306-Y0/7/SRI_Original-2021-12-13T14_31_50.152,6,7
raw/static/trackTest-13Dec2021-C306-Y0/8/FH512_noDither_gradSpoiled-2021-12-13T14_43_57.523,6,7
raw/static/trackTest-13Dec2021-C306-Y0/8/SRI_Original-2021-12-13T14_44_41.871,6,7
raw/static/trackTest-13Dec2021-C306-Y0/9/FH512_noDither_gradSpoiled-2021-12-13T14_54_28.767,6,7
raw/static/trackTest-13Dec2021-C306-Y0/9/SRI_Original-2021-12-13T14_55_19.339,6,7
raw/static/trackTest-15Dec2021-C231-Y0/10/FH512_noDither_gradSpoiled-2021-12-15T16_41_17.777,6,7
raw/static/trackTest-15Dec2021-C231-Y0/10/SRI_Original-2021-12-15T16_42_31.124,6,7
raw/static/trackTest-15Dec2021-C231-Y0/11/FH512_noDither_gradSpoiled-2021-12-15T16_54_46.132,6,7
raw/static/trackTest-15Dec2021-C231-Y0/11/SRI_Original-2021-12-15T16_55_32.930,6,7
raw/static/trackTest-15Dec2021-C231-Y0/12/FH512_noDither_gradSpoiled-2021-12-15T17_11_08.948,6,7
raw/static/trackTest-15Dec2021-C231-Y0/12/SRI_Original-2021-12-15T17_11_58.462,6,7
raw/static/trackTest-15Dec2021-C231-Y0/13/FH512_noDither_gradSpoiled-2021-12-15T17_25_53.835,6,7
raw/static/trackTest-15Dec2021-C231-Y0/13/SRI_Original-2021-12-15T17_26_43.999,6,7
raw/static/trackTest-15Dec2021-C231-Y0/14/FH512_noDither_gradSpoiled-2021-12-15T17_41_52.902,6,7
raw/static/trackTest-15Dec2021-C231-Y0/14/SRI_Original-2021-12-15T17_42_43.966,6,7
raw/static/trackTest-15Dec2021-C231-Y0/15/FH512_noDither_gradSpoiled-2021-12-15T17_54_35.492,6,7
raw/static/trackTest-15Dec2021-C231-Y0/15/SRI_Original-2021-12-15T17_55_18.206,6,7
raw/static/trackTest-15Dec2021-C231-Y0/16/FH512_noDither_gradSpoiled-2021-12-15T18_09_56.409,6,7
raw/static/trackTest-15Dec2021-C231-Y0/16/SRI_Original-2021-12-15T18_10_51.925,6,7
raw/static/trackTest-15Dec2021-C231-Y0/1/FH512_noDither_gradSpoiled-2021-12-15T14_46_16.790,6,7
raw/static/trackTest-15Dec2021-C231-Y0/1/SRI_Original-2021-12-15T14_46_35.548,6,7
raw/static/trackTest-15Dec2021-C231-Y0/2/FH512_noDither_gradSpoiled-2021-12-15T14_57_24.682,6,7
raw/static/trackTest-15Dec2021-C231-Y0/2/SRI_Original-2021-12-15T14_58_09.144,6,7
raw/static/trackTest-15Dec2021-C231-Y0/3/FH512_noDither_gradSpoiled-2021-12-15T15_07_44.991,6,7
raw/static/trackTest-15Dec2021-C231-Y0/3/SRI_Original-2021-12-15T15_08_31.785,6,7
raw/static/trackTest-15Dec2021-C231-Y0/4/FH512_noDither_gradSpoiled-2021-12-15T15_17_46.738,6,7
raw/static/trackTest-15Dec2021-C231-Y0/4/SRI_Original-2021-12-15T15_18_39.502,6,7
raw/static/trackTest-15Dec2021-C231-Y0/5/FH512_noDither_gradSpoiled-2021-12-15T15_31_15.085,6,7
raw/static/trackTest-15Dec2021-C231-Y0/5/SRI_Original-2021-12-15T15_31_58.774,6,7
raw/static/trackTest-15Dec2021-C231-Y0/6/FH512_noDither_gradSpoiled-2021-12-15T15_42_06.256,6,7
raw/static/trackTest-15Dec2021-C231-Y0/6/SRI_Original-2021-12-15T15_42_50.901,6,7
raw/static/trackTest-15Dec2021-C231-Y0/7/FH512_noDither_gradSpoiled-2021-12-15T15_54_04.360,6,7
raw/static/trackTest-15Dec2021-C231-Y0/7/SRI_Original-2021-12-15T15_54_48.938,6,7
raw/static/trackTest-15Dec2021-C231-Y0/8/FH512_noDither_gradSpoiled-2021-12-15T16_05_08.438,6,7
raw/static/trackTest-15Dec2021-C231-Y0/8/SRI_Original-2021-12-15T16_05_52.686,6,7
raw/static/trackTest-15Dec2021-C231-Y0/9/FH512_noDither_gradSpoiled-2021-12-15T16_30_30.004,6,7
raw/static/trackTest-15Dec2021-C231-Y0/9/SRI_Original-2021-12-15T16_31_23.215,6,7
raw/static/trackTest-17Aug2021-C222-Y0/10/FH512_noDither_gradSpoiled-2021-08-17T14_48_20.421,4,5
raw/static/trackTest-17Aug2021-C222-Y0/10/SRI_Original-2021-08-17T14_50_18.200,4,5
raw/static/trackTest-17Aug2021-C222-Y0/11/FH512_noDither_gradSpoiled-2021-08-17T15_02_33.111,4,5
raw/static/trackTest-17Aug2021-C222-Y0/11/SRI_Original-2021-08-17T15_04_56.539,4,5
raw/static/trackTest-17Aug2021-C222-Y0/12/FH512_noDither_gradSpoiled-2021-08-17T15_20_11.592,4,5
raw/static/trackTest-17Aug2021-C222-Y0/12/SRI_Original-2021-08-17T15_21_59.189,4,5
raw/static/trackTest-17Aug2021-C222-Y0/13/FH512_noDither_gradSpoiled-2021-08-17T16_12_36.388,4,5
raw/static/trackTest-17Aug2021-C222-Y0/13/SRI_Original-2021-08-17T16_14_41.234,4,5
raw/static/trackTest-17Aug2021-C222-Y0/14/FH512_noDither_gradSpoiled-2021-08-17T16_27_41.342,4,5
raw/static/trackTest-17Aug2021-C222-Y0/14/SRI_Original-2021-08-17T16_29_37.055,4,5
raw/static/trackTest-17Aug2021-C222-Y0/15/FH512_noDither_gradSpoiled-2021-08-17T16_43_04.678,4,5
raw/static/trackTest-17Aug2021-C222-Y0/15/SRI_Original-2021-08-17T16_45_08.857,4,5
raw/static/trackTest-17Aug2021-C222-Y0/16/FH512_noDither_gradSpoiled-2021-08-17T16_59_02.264,4,5
raw/static/trackTest-17Aug2021-C222-Y0/16/SRI_Original-2021-08-17T17_00_58.894,4,5
raw/static/trackTest-17Aug2021-C222-Y0/1/FH512_noDither_gradSpoiled-2021-08-17T19_10_37.404,4,5
raw/static/trackTest-17Aug2021-C222-Y0/1/SRI_Original-2021-08-17T19_12_32.999,4,5
raw/static/trackTest-17Aug2021-C222-Y0/2/FH512_noDither_gradSpoiled-2021-08-17T11_04_25.283,4,5
raw/static/trackTest-17Aug2021-C222-Y0/2/SRI_Original-2021-08-17T11_06_12.944,4,5
raw/static/trackTest-17Aug2021-C222-Y0/3/FH512_noDither_gradSpoiled-2021-08-17T11_22_52.394,4,5
raw/static/trackTest-17Aug2021-C222-Y0/3/SRI_Original-2021-08-17T11_25_11.624,4,5
raw/static/trackTest-17Aug2021-C222-Y0/4/FH512_noDither_gradSpoiled-2021-08-17T11_40_46.193,4,5
raw/static/trackTest-17Aug2021-C222-Y0/4/SRI_Original-2021-08-17T11_42_35.873,4,5
raw/static/trackTest-17Aug2021-C222-Y0/5/FH512_noDither_gradSpoiled-2021-08-17T12_29_02.766,4,5
raw/static/trackTest-17Aug2021-C222-Y0/5/SRI_Original-2021-08-17T12_30_53.211,4,5
raw/static/trackTest-17Aug2021-C222-Y0/6/FH512_noDither_gradSpoiled-2021-08-17T12_44_11.968,4,5
raw/static/trackTest-17Aug2021-C222-Y0/6/SRI_Original-2021-08-17T12_46_05.115,4,5
raw/static/trackTest-17Aug2021-C222-Y0/7/FH512_noDither_gradSpoiled-2021-08-17T13_54_18.661,4,5
raw/static/trackTest-17Aug2021-C222-Y0/7/SRI_Original-2021-08-17T13_56_06.158,4,5
raw/static/trackTest-17Aug2021-C222-Y0/8/FH512_noDither_gradSpoiled-2021-08-17T14_09_18.982,4,5
raw/static/trackTest-17Aug2021-C222-Y0/8/SRI_Original-2021-08-17T14_11_06.662,4,5
raw/static/trackTest-17Aug2021-C222-Y0/9/FH512_noDither_gradSpoiled-2021-08-17T14_29_04.451,4,5
raw/static/trackTest-17Aug2021-C222-Y0/9/SRI_Original-2021-08-17T14_31_02.338,4,5
raw/static/trackTest-21Dec2021-C231-Y1/10/FH512_noDither_gradSpoiled-2021-12-21T16_54_49.069,6,7
raw/static/trackTest-21Dec2021-C231-Y1/10/SRI_Original-2021-12-21T16_55_29.535,6,7
raw/static/trackTest-21Dec2021-C231-Y1/11/FH512_noDither_gradSpoiled-2021-12-21T17_11_00.318,6,7
raw/static/trackTest-21Dec2021-C231-Y1/11/SRI_Original-2021-12-21T17_11_50.566,6,7
raw/static/trackTest-21Dec2021-C231-Y1/12/FH512_noDither_gradSpoiled-2021-12-21T17_24_21.838,6,7
raw/static/trackTest-21Dec2021-C231-Y1/12/SRI_Original-2021-12-21T17_25_17.203,6,7
raw/static/trackTest-21Dec2021-C231-Y1/13/FH512_noDither_gradSpoiled-2021-12-21T17_41_56.566,6,7
raw/static/trackTest-21Dec2021-C231-Y1/13/SRI_Original-2021-12-21T17_42_53.498,6,7
raw/static/trackTest-21Dec2021-C231-Y1/14/FH512_noDither_gradSpoiled-2021-12-21T17_53_50.057,6,7
raw/static/trackTest-21Dec2021-C231-Y1/14/SRI_Original-2021-12-21T17_54_43.605,6,7
raw/static/trackTest-21Dec2021-C231-Y1/15/FH512_noDither_gradSpoiled-2021-12-21T18_04_31.068,6,7
raw/static/trackTest-21Dec2021-C231-Y1/15/SRI_Original-2021-12-21T18_05_26.149,6,7
raw/static/trackTest-21Dec2021-C231-Y1/16/FH512_noDither_gradSpoiled-2021-12-21T18_19_12.969,6,7
raw/static/trackTest-21Dec2021-C231-Y1/16/SRI_Original-2021-12-21T18_19_59.635,6,7
raw/static/trackTest-21Dec2021-C231-Y1/1/FH512_noDither_gradSpoiled-2021-12-21T13_45_34.997,6,7
raw/static/trackTest-21Dec2021-C231-Y1/1/SRI_Original-2021-12-21T13_46_21.779,6,7
raw/static/trackTest-21Dec2021-C231-Y1/2/FH512_noDither_gradSpoiled-2021-12-21T13_58_06.594,6,7
raw/static/trackTest-21Dec2021-C231-Y1/2/SRI_Original-2021-12-21T13_58_50.502,6,7
raw/static/trackTest-21Dec2021-C231-Y1/3/FH512_noDither_gradSpoiled-2021-12-21T14_16_58.679,6,7
raw/static/trackTest-21Dec2021-C231-Y1/3/SRI_Original-2021-12-21T14_17_39.961,6,7
raw/static/trackTest-21Dec2021-C231-Y1/4/FH512_noDither_gradSpoiled-2021-12-21T14_28_56.570,6,7
raw/static/trackTest-21Dec2021-C231-Y1/4/SRI_Original-2021-12-21T14_29_37.569,6,7
raw/static/trackTest-21Dec2021-C231-Y1/5/FH512_noDither_gradSpoiled-2021-12-21T14_45_54.917,6,7
raw/static/trackTest-21Dec2021-C231-Y1/5/SRI_Original-2021-12-21T14_46_41.250,6,7
raw/static/trackTest-21Dec2021-C231-Y1/6/FH512_noDither_gradSpoiled-2021-12-21T14_58_06.760,6,7
raw/static/trackTest-21Dec2021-C231-Y1/6/SRI_Original-2021-12-21T15_06_50.158,6,7
raw/static/trackTest-21Dec2021-C231-Y1/7/FH512_noDither_gradSpoiled-2021-12-21T15_19_52.980,6,7
raw/static/trackTest-21Dec2021-C231-Y1/7/SRI_Original-2021-12-21T15_20_48.846,6,7
raw/static/trackTest-21Dec2021-C231-Y1/8/FH512_noDither_gradSpoiled-2021-12-21T15_31_53.171,6,7
raw/static/trackTest-21Dec2021-C231-Y1/8/SRI_Original-2021-12-21T15_32_35.770,6,7
raw/static/trackTest-21Dec2021-C231-Y1/9/FH512_noDither_gradSpoiled-2021-12-21T15_49_38.816,6,7
raw/static/trackTest-21Dec2021-C231-Y1/9/SRI_Original-2021-12-21T15_50_30.231,6,7
raw/static/trackTest-6Jan2022-C306-Y1/10/FH512_noDither_gradSpoiled-2022-01-06T14_26_08.944,6,7
raw/static/trackTest-6Jan2022-C306-Y1/10/SRI_Original-2022-01-06T14_26_57.759,6,7
raw/static/trackTest-6Jan2022-C306-Y1/11/FH512_noDither_gradSpoiled-2022-01-06T14_36_23.788,6,7
raw/static/trackTest-6Jan2022-C306-Y1/11/SRI_Original-2022-01-06T14_37_17.904,6,7
raw/static/trackTest-6Jan2022-C306-Y1/12/FH512_noDither_gradSpoiled-2022-01-06T14_50_06.276,6,7
raw/static/trackTest-6Jan2022-C306-Y1/12/SRI_Original-2022-01-06T14_51_01.224,6,7
raw/static/trackTest-6Jan2022-C306-Y1/13/FH512_noDither_gradSpoiled-2022-01-06T15_01_36.253,6,7
raw/static/trackTest-6Jan2022-C306-Y1/13/SRI_Original-2022-01-06T15_02_24.684,6,7
raw/static/trackTest-6Jan2022-C306-Y1/14/FH512_noDither_gradSpoiled-2022-01-06T15_14_30.374,6,7
raw/static/trackTest-6Jan2022-C306-Y1/14/SRI_Original-2022-01-06T15_15_17.875,6,7
raw/static/trackTest-6Jan2022-C306-Y1/15/FH512_noDither_gradSpoiled-2022-01-06T15_24_46.536,6,7
raw/static/trackTest-6Jan2022-C306-Y1/15/SRI_Original-2022-01-06T15_25_34.651,6,7
raw/static/trackTest-6Jan2022-C306-Y1/16/FH512_noDither_gradSpoiled-2022-01-06T15_35_58.062,6,7
raw/static/trackTest-6Jan2022-C306-Y1/16/SRI_Original-2022-01-06T15_36_48.161,6,7
raw/static/trackTest-6Jan2022-C306-Y1/1/FH512_noDither_gradSpoiled-2022-01-06T12_07_47.479,6,7
raw/static/trackTest-6Jan2022-C306-Y1/1/SRI_Original-2022-01-06T12_08_10.979,6,7
raw/static/trackTest-6Jan2022-C306-Y1/2/FH512_noDither_gradSpoiled-2022-01-06T12_24_01.747,6,7
raw/static/trackTest-6Jan2022-C306-Y1/2/SRI_Original-2022-01-06T12_24_59.592,6,7
raw/static/trackTest-6Jan2022-C306-Y1/3/FH512_noDither_gradSpoiled-2022-01-06T12_33_01.408,6,7
raw/static/trackTest-6Jan2022-C306-Y1/3/SRI_Original-2022-01-06T12_33_47.357,6,7
raw/static/trackTest-6Jan2022-C306-Y1/4/FH512_noDither_gradSpoiled-2022-01-06T12_44_13.134,6,7
raw/static/trackTest-6Jan2022-C306-Y1/4/SRI_Original-2022-01-06T12_44_57.199,6,7
raw/static/trackTest-6Jan2022-C306-Y1/5/FH512_noDither_gradSpoiled-2022-01-06T12_54_26.245,6,7
raw/static/trackTest-6Jan2022-C306-Y1/5/SRI_Original-2022-01-06T12_55_06.160,6,7
raw/static/trackTest-6Jan2022-C306-Y1/6/FH512_noDither_gradSpoiled-2022-01-06T13_18_11.660,6,7
raw/static/trackTest-6Jan2022-C306-Y1/6/SRI_Original-2022-01-06T13_18_56.507,6,7
raw/static/trackTest-6Jan2022-C306-Y1/7/FH512_noDither_gradSpoiled-2022-01-06T13_42_09.570,6,7
raw/static/trackTest-6Jan2022-C306-Y1/7/SRI_Original-2022-01-06T13_43_10.518,6,7
raw/static/trackTest-6Jan2022-C306-Y1/8/FH512_noDither_gradSpoiled-2022-01-06T14_05_21.004,6,7
raw/static/trackTest-6Jan2022-C306-Y1/8/SRI_Original-2022-01-06T14_06_09.336,6,7
raw/static/trackTest-6Jan2022-C306-Y1/9/FH512_noDither_gradSpoiled-2022-01-06T14_16_23.847,6,7
raw/static/trackTest-6Jan2022-C306-Y1/9/SRI_Original-2022-01-06T14_17_20.062,6,7
raw/static/trackTest-7Jan2022-C306-Y2/10/FH512_noDither_gradSpoiled-2022-01-07T16_04_53.697,6,7
raw/static/trackTest-7Jan2022-C306-Y2/10/SRI_Original-2022-01-07T16_05_41.446,6,7
raw/static/trackTest-7Jan2022-C306-Y2/11/FH512_noDither_gradSpoiled-2022-01-07T16_20_08.213,6,7
raw/static/trackTest-7Jan2022-C306-Y2/11/SRI_Original-2022-01-07T16_21_34.862,6,7
raw/static/trackTest-7Jan2022-C306-Y2/12/FH512_noDither_gradSpoiled-2022-01-07T16_32_29.321,6,7
raw/static/trackTest-7Jan2022-C306-Y2/12/SRI_Original-2022-01-07T16_34_17.984,6,7
raw/static/trackTest-7Jan2022-C306-Y2/13/FH512_noDither_gradSpoiled-2022-01-07T16_48_02.904,6,7
raw/static/trackTest-7Jan2022-C306-Y2/13/SRI_Original-2022-01-07T16_49_20.369,6,7
raw/static/trackTest-7Jan2022-C306-Y2/14/FH512_noDither_gradSpoiled-2022-01-07T17_00_23.161,6,7
raw/static/trackTest-7Jan2022-C306-Y2/14/SRI_Original-2022-01-07T17_01_16.659,6,7
raw/static/trackTest-7Jan2022-C306-Y2/15/FH512_noDither_gradSpoiled-2022-01-07T17_11_25.121,6,7
raw/static/trackTest-7Jan2022-C306-Y2/15/SRI_Original-2022-01-07T17_12_13.353,6,7
raw/static/trackTest-7Jan2022-C306-Y2/16/FH512_noDither_gradSpoiled-2022-01-07T17_20_55.434,6,7
raw/static/trackTest-7Jan2022-C306-Y2/16/SRI_Original-2022-01-07T17_21_47.582,6,7
raw/static/trackTest-7Jan2022-C306-Y2/1/FH512_noDither_gradSpoiled-2022-01-07T13_19_44.256,6,7
raw/static/trackTest-7Jan2022-C306-Y2/1/SRI_Original-2022-01-07T13_20_28.238,6,7
raw/static/trackTest-7Jan2022-C306-Y2/2/FH512_noDither_gradSpoiled-2022-01-07T14_34_14.440,6,7
raw/static/trackTest-7Jan2022-C306-Y2/2/SRI_Original-2022-01-07T14_35_05.440,6,7
raw/static/trackTest-7Jan2022-C306-Y2/3/FH512_noDither_gradSpoiled-2022-01-07T14_45_45.466,6,7
raw/static/trackTest-7Jan2022-C306-Y2/3/SRI_Original-2022-01-07T14_46_31.714,6,7
raw/static/trackTest-7Jan2022-C306-Y2/4/FH512_noDither_gradSpoiled-2022-01-07T14_55_27.411,6,7
raw/static/trackTest-7Jan2022-C306-Y2/4/SRI_Original-2022-01-07T14_56_28.225,6,7
raw/static/trackTest-7Jan2022-C306-Y2/5/FH512_noDither_gradSpoiled-2022-01-07T15_07_16.102,6,7
raw/static/trackTest-7Jan2022-C306-Y2/5/SRI_Original-2022-01-07T15_08_49.632,6,7
raw/static/trackTest-7Jan2022-C306-Y2/6/FH512_noDither_gradSpoiled-2022-01-07T15_18_22.329,6,7
raw/static/trackTest-7Jan2022-C306-Y2/6/SRI_Original-2022-01-07T15_19_11.911,6,7
raw/static/trackTest-7Jan2022-C306-Y2/7/FH512_noDither_gradSpoiled-2022-01-07T15_29_34.789,6,7
raw/static/trackTest-7Jan2022-C306-Y2/7/SRI_Original-2022-01-07T15_30_26.970,6,7
raw/static/trackTest-7Jan2022-C306-Y2/8/FH512_noDither_gradSpoiled-2022-01-07T15_40_46.514,6,7
raw/static/trackTest-7Jan2022-C306-Y2/8/SRI_Original-2022-01-07T15_42_03.612,6,7
raw/static/trackTest-7Jan2022-C306-Y2/9/FH512_noDither_gradSpoiled-2022-01-07T15_52_48.488,6,7
raw/static/trackTest-7Jan2022-C306-Y2/9/SRI_Original-2022-01-07T15_55_44.017,6,7
raw/static/trackTest-8Nov2021-C222-Y1/10/FH512_noDither_gradSpoiled-2021-11-08T18_32_49.035,6,7
raw/static/trackTest-8Nov2021-C222-Y1/10/SRI_Original-2021-11-08T18_33_31.548,6,7
raw/static/trackTest-8Nov2021-C222-Y1/11/FH512_noDither_gradSpoiled-2021-11-08T18_44_53.278,6,7
raw/static/trackTest-8Nov2021-C222-Y1/11/SRI_Original-2021-11-08T18_46_03.923,6,7
raw/static/trackTest-8Nov2021-C222-Y1/12/FH512_noDither_gradSpoiled-2021-11-08T18_55_51.723,6,7
raw/static/trackTest-8Nov2021-C222-Y1/12/SRI_Original-2021-11-08T18_56_58.032,6,7
raw/static/trackTest-8Nov2021-C222-Y1/13/FH512_noDither_gradSpoiled-2021-11-08T19_12_39.134,6,7
raw/static/trackTest-8Nov2021-C222-Y1/13/SRI_Original-2021-11-08T19_13_27.231,6,7
raw/static/trackTest-8Nov2021-C222-Y1/14/FH512_noDither_gradSpoiled-2021-11-08T19_24_38.457,6,7
raw/static/trackTest-8Nov2021-C222-Y1/14/SRI_Original-2021-11-08T19_25_25.323,6,7
raw/static/trackTest-8Nov2021-C222-Y1/15/FH512_noDither_gradSpoiled-2021-11-08T19_36_22.732,6,7
raw/static/trackTest-8Nov2021-C222-Y1/15/SRI_Original-2021-11-08T19_37_07.464,6,7
raw/static/trackTest-8Nov2021-C222-Y1/16/FH512_noDither_gradSpoiled-2021-11-08T19_47_53.592,6,7
raw/static/trackTest-8Nov2021-C222-Y1/16/SRI_Original-2021-11-08T19_48_38.707,6,7
raw/static/trackTest-8Nov2021-C222-Y1/1/FH512_noDither_gradSpoiled-2021-11-08T15_52_01.435,6,7
raw/static/trackTest-8Nov2021-C222-Y1/1/SRI_Original-2021-11-08T15_51_01.804,6,7
raw/static/trackTest-8Nov2021-C222-Y1/2/FH512_noDither_gradSpoiled-2021-11-08T16_46_07.175,6,7
raw/static/trackTest-8Nov2021-C222-Y1/2/SRI_Original-2021-11-08T16_47_00.089,6,7
raw/static/trackTest-8Nov2021-C222-Y1/3/FH512_noDither_gradSpoiled-2021-11-08T16_31_55.837,6,7
raw/static/trackTest-8Nov2021-C222-Y1/3/SRI_Original-2021-11-08T16_30_42.668,6,7
raw/static/trackTest-8Nov2021-C222-Y1/4/FH512_noDither_gradSpoiled-2021-11-08T16_59_39.762,6,7
raw/static/trackTest-8Nov2021-C222-Y1/4/SRI_Original-2021-11-08T17_00_28.394,6,7
raw/static/trackTest-8Nov2021-C222-Y1/5/FH512_noDither_gradSpoiled-2021-11-08T17_12_23.036,6,7
raw/static/trackTest-8Nov2021-C222-Y1/5/SRI_Original-2021-11-08T17_13_10.767,6,7
raw/static/trackTest-8Nov2021-C222-Y1/6/FH512_noDither_gradSpoiled-2021-11-08T17_29_07.501,6,7
raw/static/trackTest-8Nov2021-C222-Y1/6/SRI_Original-2021-11-08T17_29_48.984,6,7
raw/static/trackTest-8Nov2021-C222-Y1/7/FH512_noDither_gradSpoiled-2021-11-08T17_40_42.146,6,7
raw/static/trackTest-8Nov2021-C222-Y1/7/SRI_Original-2021-11-08T17_41_29.242,6,7
raw/static/trackTest-8Nov2021-C222-Y1/8/FH512_noDither_gradSpoiled-2021-11-08T17_54_48.780,6,7
raw/static/trackTest-8Nov2021-C222-Y1/8/SRI_Original-2021-11-08T17_55_35.978,6,7
raw/static/trackTest-8Nov2021-C222-Y1/9/FH512_noDither_gradSpoiled-2021-11-08T18_06_42.710,6,7
raw/static/trackTest-8Nov2021-C222-Y1/9/SRI_Original-2021-11-08T18_07_31.782,6,7
raw/static/trackTest-9Jan2022-C231-Y2/10/FH512_noDither_gradSpoiled-2022-01-09T16_42_15.631,6,7
raw/static/trackTest-9Jan2022-C231-Y2/10/SRI_Original-2022-01-09T16_43_30.413,6,7
raw/static/trackTest-9Jan2022-C231-Y2/11/FH512_noDither_gradSpoiled-2022-01-09T16_57_26.667,6,7
raw/static/trackTest-9Jan2022-C231-Y2/11/SRI_Original-2022-01-09T16_58_22.464,6,7
raw/static/trackTest-9Jan2022-C231-Y2/12/FH512_noDither_gradSpoiled-2022-01-09T17_08_16.694,6,7
raw/static/trackTest-9Jan2022-C231-Y2/12/SRI_Original-2022-01-09T17_09_14.726,6,7
raw/static/trackTest-9Jan2022-C231-Y2/13/FH512_noDither_gradSpoiled-2022-01-09T17_20_00.136,6,7
raw/static/trackTest-9Jan2022-C231-Y2/13/SRI_Original-2022-01-09T17_20_58.450,6,7
raw/static/trackTest-9Jan2022-C231-Y2/14/FH512_noDither_gradSpoiled-2022-01-09T17_30_35.480,6,7
raw/static/trackTest-9Jan2022-C231-Y2/14/SRI_Original-2022-01-09T17_31_20.796,6,7
raw/static/trackTest-9Jan2022-C231-Y2/15/FH512_noDither_gradSpoiled-2022-01-09T17_42_47.721,6,7
raw/static/trackTest-9Jan2022-C231-Y2/15/SRI_Original-2022-01-09T17_43_36.986,6,7
raw/static/trackTest-9Jan2022-C231-Y2/16/FH512_noDither_gradSpoiled-2022-01-09T17_55_10.894,6,7
raw/static/trackTest-9Jan2022-C231-Y2/16/SRI_Original-2022-01-09T17_55_57.959,6,7
raw/static/trackTest-9Jan2022-C231-Y2/1/FH512_noDither_gradSpoiled-2022-01-09T14_44_10.741,6,7
raw/static/trackTest-9Jan2022-C231-Y2/1/SRI_Original-2022-01-09T14_45_01.523,6,7
raw/static/trackTest-9Jan2022-C231-Y2/2/FH512_noDither_gradSpoiled-2022-01-09T14_55_13.102,6,7
raw/static/trackTest-9Jan2022-C231-Y2/2/SRI_Original-2022-01-09T14_56_03.833,6,7
raw/static/trackTest-9Jan2022-C231-Y2/3/FH512_noDither_gradSpoiled-2022-01-09T15_07_01.893,6,7
raw/static/trackTest-9Jan2022-C231-Y2/3/SRI_Original-2022-01-09T15_07_47.359,6,7
raw/static/trackTest-9Jan2022-C231-Y2/4/FH512_noDither_gradSpoiled-2022-01-09T15_24_15.092,6,7
raw/static/trackTest-9Jan2022-C231-Y2/4/SRI_Original-2022-01-09T15_25_22.389,6,7
raw/static/trackTest-9Jan2022-C231-Y2/5/FH512_noDither_gradSpoiled-2022-01-09T15_45_19.299,6,7
raw/static/trackTest-9Jan2022-C231-Y2/5/SRI_Original-2022-01-09T15_46_01.531,6,7
raw/static/trackTest-9Jan2022-C231-Y2/6/FH512_noDither_gradSpoiled-2022-01-09T15_56_54.375,6,7
raw/static/trackTest-9Jan2022-C231-Y2/6/SRI_Original-2022-01-09T15_57_59.707,6,7
raw/static/trackTest-9Jan2022-C231-Y2/7/FH512_noDither_gradSpoiled-2022-01-09T16_07_59.403,6,7
raw/static/trackTest-9Jan2022-C231-Y2/7/SRI_Original-2022-01-09T16_08_53.651,6,7
raw/static/trackTest-9Jan2022-C231-Y2/8/FH512_noDither_gradSpoiled-2022-01-09T16_20_25.993,6,7
raw/static/trackTest-9Jan2022-C231-Y2/8/SRI_Original-2022-01-09T16_21_36.358,6,7
raw/static/trackTest-9Jan2022-C231-Y2/9/FH512_noDither_gradSpoiled-2022-01-09T16_32_06.254,6,7
raw/static/trackTest-9Jan2022-C231-Y2/9/SRI_Original-2022-01-09T16_32_46.919,6,7
raw/static/trackTest-9Nov2021-C222-Y2/10/FH512_noDither_gradSpoiled-2021-11-09T17_17_40.002,6,7
raw/static/trackTest-9Nov2021-C222-Y2/10/SRI_Original-2021-11-09T17_18_28.554,6,7
raw/static/trackTest-9Nov2021-C222-Y2/11/FH512_noDither_gradSpoiled-2021-11-09T17_34_08.735,6,7
raw/static/trackTest-9Nov2021-C222-Y2/11/SRI_Original-2021-11-09T17_34_54.984,6,7
raw/static/trackTest-9Nov2021-C222-Y2/12/FH512_noDither_gradSpoiled-2021-11-09T17_47_40.740,6,7
raw/static/trackTest-9Nov2021-C222-Y2/12/SRI_Original-2021-11-09T17_48_23.705,6,7
raw/static/trackTest-9Nov2021-C222-Y2/13/FH512_noDither_gradSpoiled-2021-11-09T18_05_52.351,6,7
raw/static/trackTest-9Nov2021-C222-Y2/13/SRI_Original-2021-11-09T18_06_36.251,6,7
raw/static/trackTest-9Nov2021-C222-Y2/14/FH512_noDither_gradSpoiled-2021-11-09T18_21_34.917,6,7
raw/static/trackTest-9Nov2021-C222-Y2/14/SRI_Original-2021-11-09T18_22_22.099,6,7
raw/static/trackTest-9Nov2021-C222-Y2/15/FH512_noDither_gradSpoiled-2021-11-09T18_34_31.857,6,7
raw/static/trackTest-9Nov2021-C222-Y2/15/SRI_Original-2021-11-09T18_35_22.922,6,7
raw/static/trackTest-9Nov2021-C222-Y2/16/FH512_noDither_gradSpoiled-2021-11-09T18_46_11.249,6,7
raw/static/trackTest-9Nov2021-C222-Y2/16/SRI_Original-2021-11-09T18_47_02.081,6,7
raw/static/trackTest-9Nov2021-C222-Y2/1/FH512_noDither_gradSpoiled-2021-11-09T15_12_58.486,6,7
raw/static/trackTest-9Nov2021-C222-Y2/1/SRI_Original-2021-11-09T15_13_44.242,6,7
raw/static/trackTest-9Nov2021-C222-Y2/2/FH512_noDither_gradSpoiled-2021-11-09T15_30_36.208,6,7
raw/static/trackTest-9Nov2021-C222-Y2/2/SRI_Original-2021-11-09T15_31_17.190,6,7
raw/static/trackTest-9Nov2021-C222-Y2/3/FH512_noDither_gradSpoiled-2021-11-09T15_41_21.334,6,7
raw/static/trackTest-9Nov2021-C222-Y2/3/SRI_Original-2021-11-09T15_42_06.683,6,7
raw/static/trackTest-9Nov2021-C222-Y2/4/FH512_noDither_gradSpoiled-2021-11-09T16_05_33.517,6,7
raw/static/trackTest-9Nov2021-C222-Y2/4/SRI_Original-2021-11-09T16_06_17.366,6,7
raw/static/trackTest-9Nov2021-C222-Y2/5/FH512_noDither_gradSpoiled-2021-11-09T16_17_39.026,6,7
raw/static/trackTest-9Nov2021-C222-Y2/5/SRI_Original-2021-11-09T16_18_23.343,6,7
raw/static/trackTest-9Nov2021-C222-Y2/6/FH512_noDither_gradSpoiled-2021-11-09T16_30_11.017,6,7
raw/static/trackTest-9Nov2021-C222-Y2/6/SRI_Original-2021-11-09T16_31_05.932,6,7
raw/static/trackTest-9Nov2021-C222-Y2/7/FH512_noDither_gradSpoiled-2021-11-09T16_42_21.191,6,7
raw/static/trackTest-9Nov2021-C222-Y2/7/SRI_Original-2021-11-09T16_43_05.174,6,7
raw/static/trackTest-9Nov2021-C222-Y2/8/FH512_noDither_gradSpoiled-2021-11-09T16_53_52.168,6,7
raw/static/trackTest-9Nov2021-C222-Y2/8/SRI_Original-2021-11-09T16_54_34.466,6,7
raw/static/trackTest-9Nov2021-C222-Y2/9/FH512_noDither_gradSpoiled-2021-11-09T17_04_47.828,6,7
raw/static/trackTest-9Nov2021-C222-Y2/9/SRI_Original-2021-11-09T17_05_49.526,6,7
raw/vivo/cone-GIP03-30July2023/Pre-ablation_1,18,19
raw/vivo/cone-GIP03-30July2023/Pre-ablation_2,18,19
raw/vivo/cone-GIP03-30July2023/Attempted_Pre-ablation_3,18,19
raw/vivo/cone-GIP03-30July2023/Pre-ablation_3,18,19
raw/vivo/cone-GIP03-30July2023/Pre-ablation_4,18,19
raw/vivo/cone-GIP03-30July2023/Pre-ablation_5,18,19
raw/vivo/cone-GIP03-30July2023/Pre-ablation_6,18,19
raw/vivo/cone-GIP01-27May2023/Pre-ablation_1,16,17
raw/vivo/cone-GIP01-27May2023/Pre-ablation_2,16,17
raw/vivo/cone-GIP01-27May2023/Pre-ablation_3,16,17
raw/vivo/cone-GIP01-27May2023/Post-ablation_3_first,18,19
raw/vivo/cone-GIP01-27May2023/Post-ablation_3_second,18,19
